<?xml version="1.0" encoding="utf-8" standalone="yes"?>
<rss version="2.0" xmlns:atom="http://www.w3.org/2005/Atom">
  <channel>
    <title>2. Amazon SageMaker and HuggingFace library on Getting Started with Amazon SageMaker Studio</title>
    <link>/3_build-train-tune-deploy.html</link>
    <description>Recent content in 2. Amazon SageMaker and HuggingFace library on Getting Started with Amazon SageMaker Studio</description>
    <generator>Hugo -- gohugo.io</generator>
    <language>en-us</language>
    
	<atom:link href="/3_build-train-tune-deploy/index.xml" rel="self" type="application/rss+xml" />
    
    
    <item>
      <title>3.1 Prepare your dataset and upload it to Amazon S3</title>
      <link>/3_build-train-tune-deploy/prepare_dataset.html</link>
      <pubDate>Mon, 01 Jan 0001 00:00:00 +0000</pubDate>
      
      <guid>/3_build-train-tune-deploy/prepare_dataset.html</guid>
      <description>Watch the livestream to follow along with the presenter
 Open the following notebook to follow along Notebook: 1_prepare_dataset.ipynb
A copy of the code from the notebook is also available below, if you prefer building your notebook from scratch by copy pasting each code cell and then running them.
 Preparing your dataset import sagemaker import boto3 import pandas as pd import numpy as npsess = boto3.Session() sagemaker_session = sagemaker.</description>
    </item>
    
    <item>
      <title>3.2 Train and fine-tune NLP models with SageMaker and HuggingFace library</title>
      <link>/3_build-train-tune-deploy/finetune_huggingface.html</link>
      <pubDate>Mon, 01 Jan 0001 00:00:00 +0000</pubDate>
      
      <guid>/3_build-train-tune-deploy/finetune_huggingface.html</guid>
      <description>Watch the livestream to follow along with the presenter
 Open the following notebook to follow along Notebook: 2_finetune_deploy_huggingface
A copy of the code from the notebook is also available below, if you prefer building your notebook from scratch by copy pasting each code cell and then running them.
 Finetuning HuggingFace models with Amazon SageMaker
# Install or upgrade sagemaker sdk and sagemaker debugger sdk # Ignore warnings related to pip !</description>
    </item>
    
  </channel>
</rss>