<?xml version="1.0" encoding="utf-8" standalone="yes"?>
<rss version="2.0" xmlns:atom="http://www.w3.org/2005/Atom">
  <channel>
    <title>3. Clean up resources on Getting Started with Amazon SageMaker Studio</title>
    <link>/3_clean-up.html</link>
    <description>Recent content in 3. Clean up resources on Getting Started with Amazon SageMaker Studio</description>
    <generator>Hugo -- gohugo.io</generator>
    <language>en-us</language>
    
	<atom:link href="/3_clean-up/index.xml" rel="self" type="application/rss+xml" />
    
    
    <item>
      <title>Delete all resources</title>
      <link>/3_clean-up/cleanup.html</link>
      <pubDate>Mon, 01 Jan 0001 00:00:00 +0000</pubDate>
      
      <guid>/3_clean-up/cleanup.html</guid>
      <description>This workshop creates the following resources:
 SageMaker Endpoints S3 objects SageMaker apps  If you completed section 2.2, the &amp;ldquo;Delete resources&amp;rdquo; section at the end deletes running SageMaker Endpoints and all S3 objects created during the workshop.
You can also delete the endpoints by navigating to AWS Console &amp;gt; Amazon SageMaker. In the left menu click on Inference &amp;gt; Endpoints. Select the endpoint you want to delete and click on Action &amp;gt; Delete.</description>
    </item>
    
  </channel>
</rss>