<?xml version="1.0" encoding="utf-8" standalone="yes"?>
<rss version="2.0" xmlns:atom="http://www.w3.org/2005/Atom">
  <channel>
    <title>2. Amazon SageMaker and HuggingFace library on Getting Started with Amazon SageMaker Studio</title>
    <link>/2_build-train-tune-deploy.html</link>
    <description>Recent content in 2. Amazon SageMaker and HuggingFace library on Getting Started with Amazon SageMaker Studio</description>
    <generator>Hugo -- gohugo.io</generator>
    <language>en-us</language>
    
	<atom:link href="/2_build-train-tune-deploy/index.xml" rel="self" type="application/rss+xml" />
    
    
    <item>
      <title>2.1 Prepare your dataset and upload it to Amazon S3</title>
      <link>/2_build-train-tune-deploy/prepare_dataset.html</link>
      <pubDate>Mon, 01 Jan 0001 00:00:00 +0000</pubDate>
      
      <guid>/2_build-train-tune-deploy/prepare_dataset.html</guid>
      <description>Open the following notebook to follow along Notebook: 1_prepare_dataset.ipynb
Watch the livestream to follow along with the presenter
 Let&amp;rsquo;s start by importing necessary packages. We&amp;rsquo;ll use sagemaker and boto3 to access Amazon S3 and numpy and pandas to pre-process the dataset
import sagemaker import boto3 import pandas as pd import numpy as np Create a sagemaker session and get access to the current role
sess = boto3.Session() sagemaker_session = sagemaker.</description>
    </item>
    
    <item>
      <title>2.2 How Amazon SageMaker and HuggingFace work together</title>
      <link>/2_build-train-tune-deploy/how-it-works.html</link>
      <pubDate>Mon, 01 Jan 0001 00:00:00 +0000</pubDate>
      
      <guid>/2_build-train-tune-deploy/how-it-works.html</guid>
      <description></description>
    </item>
    
    <item>
      <title>2.3 Train and fine-tune NLP models with SageMaker and HuggingFace library</title>
      <link>/2_build-train-tune-deploy/finetune_huggingface.html</link>
      <pubDate>Mon, 01 Jan 0001 00:00:00 +0000</pubDate>
      
      <guid>/2_build-train-tune-deploy/finetune_huggingface.html</guid>
      <description>Open the following notebook to follow along Notebook: 2_finetune_deploy_huggingface
Watch the livestream to follow along with the presenter
 Finetuning HuggingFace models with Amazon SageMaker
Install or upgrade sagemaker sdk and sagemaker debugger sdk
!pip install -Uq sagemaker smdebug # Ignore warnings related to pipimport boto3 import time import numpy as np import pandas as pd import json from datetime import datetime as dt from IPython.display import FileLink import sagemaker from sagemaker import TrainingJobAnalytics from sagemaker.</description>
    </item>
    
  </channel>
</rss>