<?xml version="1.0" encoding="utf-8" standalone="yes"?>
<rss version="2.0" xmlns:atom="http://www.w3.org/2005/Atom">
  <channel>
    <title>1. Getting started on Getting Started with Amazon SageMaker Studio</title>
    <link>/1_setup.html</link>
    <description>Recent content in 1. Getting started on Getting Started with Amazon SageMaker Studio</description>
    <generator>Hugo -- gohugo.io</generator>
    <language>en-us</language>
    
	<atom:link href="/1_setup/index.xml" rel="self" type="application/rss+xml" />
    
    
    <item>
      <title>1.1 Login to your temporary workshop AWS Account</title>
      <link>/1_setup/login_aws_account.html</link>
      <pubDate>Mon, 01 Jan 0001 00:00:00 +0000</pubDate>
      
      <guid>/1_setup/login_aws_account.html</guid>
      <description> Get your temporary AWS account Click on the link at the bottom of the browser as show below.
Click on Accept Terms &amp;amp; Login Click on Email One-Time OTP (Allow for up to 2 mins to receive the passcode) Provide your email address Enter your OTP code Click on AWS Console Click on Open AWS Console In the AWS Console click on Amazon SageMaker Click on Amazon SageMaker Studio and then click on Open Studio You should now have Amazon SageMaker Studio interface open on your browser </description>
    </item>
    
    <item>
      <title>1.2 Download workshop content</title>
      <link>/1_setup/download_workshop_content.html</link>
      <pubDate>Mon, 01 Jan 0001 00:00:00 +0000</pubDate>
      
      <guid>/1_setup/download_workshop_content.html</guid>
      <description> Watch the livestream to follow along with the presenter
 Open a new terminal window Clone the workshop content In the terminal paste the following command to clone the workshop content repo:
git clone https://github.com/shashankprasanna/amer-summit-aug21-workshop.git  Double click on the amer-summit-aug21-workshop folder Double click on notebooks folder Double click on the the first notebook Choose the Python 3 (Data Science kernel) and hit select </description>
    </item>
    
  </channel>
</rss>