<?xml version="1.0" encoding="utf-8" standalone="yes"?>
<rss version="2.0" xmlns:atom="http://www.w3.org/2005/Atom">
  <channel>
    <title>Appendix on Getting Started with Amazon SageMaker Studio</title>
    <link>/appendix.html</link>
    <description>Recent content in Appendix on Getting Started with Amazon SageMaker Studio</description>
    <generator>Hugo -- gohugo.io</generator>
    <language>en-us</language>
    
	<atom:link href="/appendix/index.xml" rel="self" type="application/rss+xml" />
    
    
    <item>
      <title>Documentation resources</title>
      <link>/appendix/docs.html</link>
      <pubDate>Mon, 01 Jan 0001 00:00:00 +0000</pubDate>
      
      <guid>/appendix/docs.html</guid>
      <description>1. SageMaker SDK API guide https://sagemaker.readthedocs.io/en/stable/
2. SageMaker Sample Notebooks on GitHub https://github.com/awslabs/amazon-sagemaker-examples
3. SageMaker Developer Guide https://docs.aws.amazon.com/sagemaker/latest/dg/whatis.html
4. SageMaker API Reference https://docs.aws.amazon.com/sagemaker/latest/APIReference/API_Operations_Amazon_SageMaker_Service.html</description>
    </item>
    
    <item>
      <title>Technical papers</title>
      <link>/appendix/resources.html</link>
      <pubDate>Mon, 01 Jan 0001 00:00:00 +0000</pubDate>
      
      <guid>/appendix/resources.html</guid>
      <description> 1. Whitepaper on AI Fairness https://pages.awscloud.com/rs/112-TZM-766/images/Amazon.AI.Fairness.and.Explainability.Whitepaper.pdf 2. Paper on Debugging ML models https://www.amazon.science/publications/amazon-sagemaker-debugger-a-system-for-real-time-insights-into-machine-learning-model-training </description>
    </item>
    
    <item>
      <title>Blogposts and videos</title>
      <link>/appendix/blogposts_videos.html</link>
      <pubDate>Mon, 01 Jan 0001 00:00:00 +0000</pubDate>
      
      <guid>/appendix/blogposts_videos.html</guid>
      <description> 1. ML blog posts https://medium.com/@shashankprasanna 2. AWS Blog posts https://aws.amazon.com/blogs/machine-learning/ </description>
    </item>
    
  </channel>
</rss>